0, n' ay scold hour , n' , 0 , ay , 6633 , scold , 217 , hour , 71813 , 
1, n' ay scold our , n' , 0 , ay , 6633 , scold , 217 , our , 473423 , 
2, n' ay skol dour , n' , 0 , ay , 6633 , skol , 5 , dour , 119 , 
3, n' ay skol dower , n' , 0 , ay , 6633 , skol , 5 , dower , 92 , 
4, n' aye scold hour , n' , 0 , aye , 130503 , scold , 217 , hour , 71813 , 
5, n' aye scold our , n' , 0 , aye , 130503 , scold , 217 , our , 473423 , 
6, n' aye skol dour , n' , 0 , aye , 130503 , skol , 5 , dour , 119 , 
7, n' aye skol dower , n' , 0 , aye , 130503 , skol , 5 , dower , 92 , 
8, n' e scold hour , n' , 0 , e , 108963 , scold , 217 , hour , 71813 , 
9, n' e scold our , n' , 0 , e , 108963 , scold , 217 , our , 473423 , 
10, n' e skol dour , n' , 0 , e , 108963 , skol , 5 , dour , 119 , 
11, n' e skol dower , n' , 0 , e , 108963 , skol , 5 , dower , 92 , 
12, n' eye scold hour , n' , 0 , eye , 26750 , scold , 217 , hour , 71813 , 
13, n' eye scold our , n' , 0 , eye , 26750 , scold , 217 , our , 473423 , 
14, n' eye skol dour , n' , 0 , eye , 26750 , skol , 5 , dour , 119 , 
15, n' eye skol dower , n' , 0 , eye , 26750 , skol , 5 , dower , 92 , 
16, n' i scold hour , n' , 0 , i , 9937877 , scold , 217 , hour , 71813 , 
17, n' i scold our , n' , 0 , i , 9937877 , scold , 217 , our , 473423 , 
18, n' i skol dour , n' , 0 , i , 9937877 , skol , 5 , dour , 119 , 
19, n' i skol dower , n' , 0 , i , 9937877 , skol , 5 , dower , 92 , 
20, n' ice coal dour , n' , 0 , ice , 12202 , coal , 20448 , dour , 119 , 
21, n' ice coal dower , n' , 0 , ice , 12202 , coal , 20448 , dower , 92 , 
22, n' ice cold hour , n' , 0 , ice , 12202 , cold , 52844 , hour , 71813 , 
23, n' ice cold our , n' , 0 , ice , 12202 , cold , 52844 , our , 473423 , 
24, n' ice cole dour , n' , 0 , ice , 12202 , cole , 2073 , dour , 119 , 
25, n' ice cole dower , n' , 0 , ice , 12202 , cole , 2073 , dower , 92 , 
26, n' ice kohl dour , n' , 0 , ice , 12202 , kohl , 912 , dour , 119 , 
27, n' ice kohl dower , n' , 0 , ice , 12202 , kohl , 912 , dower , 92 , 
28, n' ice-cold hour , n' , 0 , ice-cold , 49 , hour , 71813 , 
29, n' ice-cold our , n' , 0 , ice-cold , 49 , our , 473423 , 
30, a gneiss coal dour , a , 7536297 , gneiss , 21 , coal , 20448 , dour , 119 , 
31, a gneiss coal dower , a , 7536297 , gneiss , 21 , coal , 20448 , dower , 92 , 
32, a gneiss cold hour , a , 7536297 , gneiss , 21 , cold , 52844 , hour , 71813 , 
33, a gneiss cold our , a , 7536297 , gneiss , 21 , cold , 52844 , our , 473423 , 
34, a gneiss cole dour , a , 7536297 , gneiss , 21 , cole , 2073 , dour , 119 , 
35, a gneiss cole dower , a , 7536297 , gneiss , 21 , cole , 2073 , dower , 92 , 
36, a gneiss kohl dour , a , 7536297 , gneiss , 21 , kohl , 912 , dour , 119 , 
37, a gneiss kohl dower , a , 7536297 , gneiss , 21 , kohl , 912 , dower , 92 , 
38, a knee scold hour , a , 7536297 , knee , 6139 , scold , 217 , hour , 71813 , 
39, a knee scold our , a , 7536297 , knee , 6139 , scold , 217 , our , 473423 , 
40, a knee skol dour , a , 7536297 , knee , 6139 , skol , 5 , dour , 119 , 
41, a knee skol dower , a , 7536297 , knee , 6139 , skol , 5 , dower , 92 , 
42, a ne scold hour , a , 7536297 , ne , 7103 , scold , 217 , hour , 71813 , 
43, a ne scold our , a , 7536297 , ne , 7103 , scold , 217 , our , 473423 , 
44, a ne skol dour , a , 7536297 , ne , 7103 , skol , 5 , dour , 119 , 
45, a ne skol dower , a , 7536297 , ne , 7103 , skol , 5 , dower , 92 , 
46, a nice coal dour , a , 7536297 , nice , 190708 , coal , 20448 , dour , 119 , 
47, a nice coal dower , a , 7536297 , nice , 190708 , coal , 20448 , dower , 92 , 
48, a nice cold hour , a , 7536297 , nice , 190708 , cold , 52844 , hour , 71813 , 
49, a nice cold our , a , 7536297 , nice , 190708 , cold , 52844 , our , 473423 , 
50, a nice cole dour , a , 7536297 , nice , 190708 , cole , 2073 , dour , 119 , 
51, a nice cole dower , a , 7536297 , nice , 190708 , cole , 2073 , dower , 92 , 
52, a nice kohl dour , a , 7536297 , nice , 190708 , kohl , 912 , dour , 119 , 
53, a nice kohl dower , a , 7536297 , nice , 190708 , kohl , 912 , dower , 92 , 
54, a niece coal dour , a , 7536297 , niece , 1693 , coal , 20448 , dour , 119 , 
55, a niece coal dower , a , 7536297 , niece , 1693 , coal , 20448 , dower , 92 , 
56, a niece cold hour , a , 7536297 , niece , 1693 , cold , 52844 , hour , 71813 , 
57, a niece cold our , a , 7536297 , niece , 1693 , cold , 52844 , our , 473423 , 
58, a niece cole dour , a , 7536297 , niece , 1693 , cole , 2073 , dour , 119 , 
59, a niece cole dower , a , 7536297 , niece , 1693 , cole , 2073 , dower , 92 , 
60, a niece kohl dour , a , 7536297 , niece , 1693 , kohl , 912 , dour , 119 , 
61, a niece kohl dower , a , 7536297 , niece , 1693 , kohl , 912 , dower , 92 , 
62, a nigh scold hour , a , 7536297 , nigh , 1394 , scold , 217 , hour , 71813 , 
63, a nigh scold our , a , 7536297 , nigh , 1394 , scold , 217 , our , 473423 , 
64, a nigh skol dour , a , 7536297 , nigh , 1394 , skol , 5 , dour , 119 , 
65, a nigh skol dower , a , 7536297 , nigh , 1394 , skol , 5 , dower , 92 , 
66, a nye scold hour , a , 7536297 , nye , 37 , scold , 217 , hour , 71813 , 
67, a nye scold our , a , 7536297 , nye , 37 , scold , 217 , our , 473423 , 
68, a nye skol dour , a , 7536297 , nye , 37 , skol , 5 , dour , 119 , 
69, a nye skol dower , a , 7536297 , nye , 37 , skol , 5 , dower , 92 , 
70, ah gneiss coal dour , ah , 229296 , gneiss , 21 , coal , 20448 , dour , 119 , 
71, ah gneiss coal dower , ah , 229296 , gneiss , 21 , coal , 20448 , dower , 92 , 
72, ah gneiss cold hour , ah , 229296 , gneiss , 21 , cold , 52844 , hour , 71813 , 
73, ah gneiss cold our , ah , 229296 , gneiss , 21 , cold , 52844 , our , 473423 , 
74, ah gneiss cole dour , ah , 229296 , gneiss , 21 , cole , 2073 , dour , 119 , 
75, ah gneiss cole dower , ah , 229296 , gneiss , 21 , cole , 2073 , dower , 92 , 
76, ah gneiss kohl dour , ah , 229296 , gneiss , 21 , kohl , 912 , dour , 119 , 
77, ah gneiss kohl dower , ah , 229296 , gneiss , 21 , kohl , 912 , dower , 92 , 
78, ah knee scold hour , ah , 229296 , knee , 6139 , scold , 217 , hour , 71813 , 
79, ah knee scold our , ah , 229296 , knee , 6139 , scold , 217 , our , 473423 , 
80, ah knee skol dour , ah , 229296 , knee , 6139 , skol , 5 , dour , 119 , 
81, ah knee skol dower , ah , 229296 , knee , 6139 , skol , 5 , dower , 92 , 
82, ah ne scold hour , ah , 229296 , ne , 7103 , scold , 217 , hour , 71813 , 
83, ah ne scold our , ah , 229296 , ne , 7103 , scold , 217 , our , 473423 , 
84, ah ne skol dour , ah , 229296 , ne , 7103 , skol , 5 , dour , 119 , 
85, ah ne skol dower , ah , 229296 , ne , 7103 , skol , 5 , dower , 92 , 
86, ah nice coal dour , ah , 229296 , nice , 190708 , coal , 20448 , dour , 119 , 
87, ah nice coal dower , ah , 229296 , nice , 190708 , coal , 20448 , dower , 92 , 
88, ah nice cold hour , ah , 229296 , nice , 190708 , cold , 52844 , hour , 71813 , 
89, ah nice cold our , ah , 229296 , nice , 190708 , cold , 52844 , our , 473423 , 
90, ah nice cole dour , ah , 229296 , nice , 190708 , cole , 2073 , dour , 119 , 
91, ah nice cole dower , ah , 229296 , nice , 190708 , cole , 2073 , dower , 92 , 
92, ah nice kohl dour , ah , 229296 , nice , 190708 , kohl , 912 , dour , 119 , 
93, ah nice kohl dower , ah , 229296 , nice , 190708 , kohl , 912 , dower , 92 , 
94, ah niece coal dour , ah , 229296 , niece , 1693 , coal , 20448 , dour , 119 , 
95, ah niece coal dower , ah , 229296 , niece , 1693 , coal , 20448 , dower , 92 , 
96, ah niece cold hour , ah , 229296 , niece , 1693 , cold , 52844 , hour , 71813 , 
97, ah niece cold our , ah , 229296 , niece , 1693 , cold , 52844 , our , 473423 , 
98, ah niece cole dour , ah , 229296 , niece , 1693 , cole , 2073 , dour , 119 , 
99, ah niece cole dower , ah , 229296 , niece , 1693 , cole , 2073 , dower , 92 , 
100, ah niece kohl dour , ah , 229296 , niece , 1693 , kohl , 912 , dour , 119 , 
101, ah niece kohl dower , ah , 229296 , niece , 1693 , kohl , 912 , dower , 92 , 
102, ah nigh scold hour , ah , 229296 , nigh , 1394 , scold , 217 , hour , 71813 , 
103, ah nigh scold our , ah , 229296 , nigh , 1394 , scold , 217 , our , 473423 , 
104, ah nigh skol dour , ah , 229296 , nigh , 1394 , skol , 5 , dour , 119 , 
105, ah nigh skol dower , ah , 229296 , nigh , 1394 , skol , 5 , dower , 92 , 
106, ah nye scold hour , ah , 229296 , nye , 37 , scold , 217 , hour , 71813 , 
107, ah nye scold our , ah , 229296 , nye , 37 , scold , 217 , our , 473423 , 
108, ah nye skol dour , ah , 229296 , nye , 37 , skol , 5 , dour , 119 , 
109, ah nye skol dower , ah , 229296 , nye , 37 , skol , 5 , dower , 92 , 
110, an ay scold hour , an , 794169 , ay , 6633 , scold , 217 , hour , 71813 , 
111, an ay scold our , an , 794169 , ay , 6633 , scold , 217 , our , 473423 , 
112, an ay skol dour , an , 794169 , ay , 6633 , skol , 5 , dour , 119 , 
113, an ay skol dower , an , 794169 , ay , 6633 , skol , 5 , dower , 92 , 
114, an aye scold hour , an , 794169 , aye , 130503 , scold , 217 , hour , 71813 , 
115, an aye scold our , an , 794169 , aye , 130503 , scold , 217 , our , 473423 , 
116, an aye skol dour , an , 794169 , aye , 130503 , skol , 5 , dour , 119 , 
117, an aye skol dower , an , 794169 , aye , 130503 , skol , 5 , dower , 92 , 
118, an e scold hour , an , 794169 , e , 108963 , scold , 217 , hour , 71813 , 
119, an e scold our , an , 794169 , e , 108963 , scold , 217 , our , 473423 , 
120, an e skol dour , an , 794169 , e , 108963 , skol , 5 , dour , 119 , 
121, an e skol dower , an , 794169 , e , 108963 , skol , 5 , dower , 92 , 
122, an eye scold hour , an , 794169 , eye , 26750 , scold , 217 , hour , 71813 , 
123, an eye scold our , an , 794169 , eye , 26750 , scold , 217 , our , 473423 , 
124, an eye skol dour , an , 794169 , eye , 26750 , skol , 5 , dour , 119 , 
125, an eye skol dower , an , 794169 , eye , 26750 , skol , 5 , dower , 92 , 
126, an i scold hour , an , 794169 , i , 9937877 , scold , 217 , hour , 71813 , 
127, an i scold our , an , 794169 , i , 9937877 , scold , 217 , our , 473423 , 
128, an i skol dour , an , 794169 , i , 9937877 , skol , 5 , dour , 119 , 
129, an i skol dower , an , 794169 , i , 9937877 , skol , 5 , dower , 92 , 
130, an ice coal dour , an , 794169 , ice , 12202 , coal , 20448 , dour , 119 , 
131, an ice coal dower , an , 794169 , ice , 12202 , coal , 20448 , dower , 92 , 
132, an ice cold hour , an , 794169 , ice , 12202 , cold , 52844 , hour , 71813 , 
133, an ice cold our , an , 794169 , ice , 12202 , cold , 52844 , our , 473423 , 
134, an ice cole dour , an , 794169 , ice , 12202 , cole , 2073 , dour , 119 , 
135, an ice cole dower , an , 794169 , ice , 12202 , cole , 2073 , dower , 92 , 
136, an ice kohl dour , an , 794169 , ice , 12202 , kohl , 912 , dour , 119 , 
137, an ice kohl dower , an , 794169 , ice , 12202 , kohl , 912 , dower , 92 , 
138, an ice-cold hour , an , 794169 , ice-cold , 49 , hour , 71813 , 
139, an ice-cold our , an , 794169 , ice-cold , 49 , our , 473423 , 
140, eh gneiss coal dour , eh , 66963 , gneiss , 21 , coal , 20448 , dour , 119 , 
141, eh gneiss coal dower , eh , 66963 , gneiss , 21 , coal , 20448 , dower , 92 , 
142, eh gneiss cold hour , eh , 66963 , gneiss , 21 , cold , 52844 , hour , 71813 , 
143, eh gneiss cold our , eh , 66963 , gneiss , 21 , cold , 52844 , our , 473423 , 
144, eh gneiss cole dour , eh , 66963 , gneiss , 21 , cole , 2073 , dour , 119 , 
145, eh gneiss cole dower , eh , 66963 , gneiss , 21 , cole , 2073 , dower , 92 , 
146, eh gneiss kohl dour , eh , 66963 , gneiss , 21 , kohl , 912 , dour , 119 , 
147, eh gneiss kohl dower , eh , 66963 , gneiss , 21 , kohl , 912 , dower , 92 , 
148, eh knee scold hour , eh , 66963 , knee , 6139 , scold , 217 , hour , 71813 , 
149, eh knee scold our , eh , 66963 , knee , 6139 , scold , 217 , our , 473423 , 
150, eh knee skol dour , eh , 66963 , knee , 6139 , skol , 5 , dour , 119 , 
151, eh knee skol dower , eh , 66963 , knee , 6139 , skol , 5 , dower , 92 , 
152, eh ne scold hour , eh , 66963 , ne , 7103 , scold , 217 , hour , 71813 , 
153, eh ne scold our , eh , 66963 , ne , 7103 , scold , 217 , our , 473423 , 
154, eh ne skol dour , eh , 66963 , ne , 7103 , skol , 5 , dour , 119 , 
155, eh ne skol dower , eh , 66963 , ne , 7103 , skol , 5 , dower , 92 , 
156, eh nice coal dour , eh , 66963 , nice , 190708 , coal , 20448 , dour , 119 , 
157, eh nice coal dower , eh , 66963 , nice , 190708 , coal , 20448 , dower , 92 , 
158, eh nice cold hour , eh , 66963 , nice , 190708 , cold , 52844 , hour , 71813 , 
159, eh nice cold our , eh , 66963 , nice , 190708 , cold , 52844 , our , 473423 , 
160, eh nice cole dour , eh , 66963 , nice , 190708 , cole , 2073 , dour , 119 , 
161, eh nice cole dower , eh , 66963 , nice , 190708 , cole , 2073 , dower , 92 , 
162, eh nice kohl dour , eh , 66963 , nice , 190708 , kohl , 912 , dour , 119 , 
163, eh nice kohl dower , eh , 66963 , nice , 190708 , kohl , 912 , dower , 92 , 
164, eh niece coal dour , eh , 66963 , niece , 1693 , coal , 20448 , dour , 119 , 
165, eh niece coal dower , eh , 66963 , niece , 1693 , coal , 20448 , dower , 92 , 
166, eh niece cold hour , eh , 66963 , niece , 1693 , cold , 52844 , hour , 71813 , 
167, eh niece cold our , eh , 66963 , niece , 1693 , cold , 52844 , our , 473423 , 
168, eh niece cole dour , eh , 66963 , niece , 1693 , cole , 2073 , dour , 119 , 
169, eh niece cole dower , eh , 66963 , niece , 1693 , cole , 2073 , dower , 92 , 
170, eh niece kohl dour , eh , 66963 , niece , 1693 , kohl , 912 , dour , 119 , 
171, eh niece kohl dower , eh , 66963 , niece , 1693 , kohl , 912 , dower , 92 , 
172, eh nigh scold hour , eh , 66963 , nigh , 1394 , scold , 217 , hour , 71813 , 
173, eh nigh scold our , eh , 66963 , nigh , 1394 , scold , 217 , our , 473423 , 
174, eh nigh skol dour , eh , 66963 , nigh , 1394 , skol , 5 , dour , 119 , 
175, eh nigh skol dower , eh , 66963 , nigh , 1394 , skol , 5 , dower , 92 , 
176, eh nye scold hour , eh , 66963 , nye , 37 , scold , 217 , hour , 71813 , 
177, eh nye scold our , eh , 66963 , nye , 37 , scold , 217 , our , 473423 , 
178, eh nye skol dour , eh , 66963 , nye , 37 , skol , 5 , dour , 119 , 
179, eh nye skol dower , eh , 66963 , nye , 37 , skol , 5 , dower , 92 , 
180, et gneiss coal dour , et , 6731 , gneiss , 21 , coal , 20448 , dour , 119 , 
181, et gneiss coal dower , et , 6731 , gneiss , 21 , coal , 20448 , dower , 92 , 
182, et gneiss cold hour , et , 6731 , gneiss , 21 , cold , 52844 , hour , 71813 , 
183, et gneiss cold our , et , 6731 , gneiss , 21 , cold , 52844 , our , 473423 , 
184, et gneiss cole dour , et , 6731 , gneiss , 21 , cole , 2073 , dour , 119 , 
185, et gneiss cole dower , et , 6731 , gneiss , 21 , cole , 2073 , dower , 92 , 
186, et gneiss kohl dour , et , 6731 , gneiss , 21 , kohl , 912 , dour , 119 , 
187, et gneiss kohl dower , et , 6731 , gneiss , 21 , kohl , 912 , dower , 92 , 
188, et knee scold hour , et , 6731 , knee , 6139 , scold , 217 , hour , 71813 , 
189, et knee scold our , et , 6731 , knee , 6139 , scold , 217 , our , 473423 , 
190, et knee skol dour , et , 6731 , knee , 6139 , skol , 5 , dour , 119 , 
191, et knee skol dower , et , 6731 , knee , 6139 , skol , 5 , dower , 92 , 
192, et ne scold hour , et , 6731 , ne , 7103 , scold , 217 , hour , 71813 , 
193, et ne scold our , et , 6731 , ne , 7103 , scold , 217 , our , 473423 , 
194, et ne skol dour , et , 6731 , ne , 7103 , skol , 5 , dour , 119 , 
195, et ne skol dower , et , 6731 , ne , 7103 , skol , 5 , dower , 92 , 
196, et nice coal dour , et , 6731 , nice , 190708 , coal , 20448 , dour , 119 , 
197, et nice coal dower , et , 6731 , nice , 190708 , coal , 20448 , dower , 92 , 
198, et nice cold hour , et , 6731 , nice , 190708 , cold , 52844 , hour , 71813 , 
199, et nice cold our , et , 6731 , nice , 190708 , cold , 52844 , our , 473423 , 
200, et nice cole dour , et , 6731 , nice , 190708 , cole , 2073 , dour , 119 , 
201, et nice cole dower , et , 6731 , nice , 190708 , cole , 2073 , dower , 92 , 
202, et nice kohl dour , et , 6731 , nice , 190708 , kohl , 912 , dour , 119 , 
203, et nice kohl dower , et , 6731 , nice , 190708 , kohl , 912 , dower , 92 , 
204, et niece coal dour , et , 6731 , niece , 1693 , coal , 20448 , dour , 119 , 
205, et niece coal dower , et , 6731 , niece , 1693 , coal , 20448 , dower , 92 , 
206, et niece cold hour , et , 6731 , niece , 1693 , cold , 52844 , hour , 71813 , 
207, et niece cold our , et , 6731 , niece , 1693 , cold , 52844 , our , 473423 , 
208, et niece cole dour , et , 6731 , niece , 1693 , cole , 2073 , dour , 119 , 
209, et niece cole dower , et , 6731 , niece , 1693 , cole , 2073 , dower , 92 , 
210, et niece kohl dour , et , 6731 , niece , 1693 , kohl , 912 , dour , 119 , 
211, et niece kohl dower , et , 6731 , niece , 1693 , kohl , 912 , dower , 92 , 
212, et nigh scold hour , et , 6731 , nigh , 1394 , scold , 217 , hour , 71813 , 
213, et nigh scold our , et , 6731 , nigh , 1394 , scold , 217 , our , 473423 , 
214, et nigh skol dour , et , 6731 , nigh , 1394 , skol , 5 , dour , 119 , 
215, et nigh skol dower , et , 6731 , nigh , 1394 , skol , 5 , dower , 92 , 
216, et nye scold hour , et , 6731 , nye , 37 , scold , 217 , hour , 71813 , 
217, et nye scold our , et , 6731 , nye , 37 , scold , 217 , our , 473423 , 
218, et nye skol dour , et , 6731 , nye , 37 , skol , 5 , dour , 119 , 
219, et nye skol dower , et , 6731 , nye , 37 , skol , 5 , dower , 92 , 
220, o' gneiss coal dour , o' , 463 , gneiss , 21 , coal , 20448 , dour , 119 , 
221, o' gneiss coal dower , o' , 463 , gneiss , 21 , coal , 20448 , dower , 92 , 
222, o' gneiss cold hour , o' , 463 , gneiss , 21 , cold , 52844 , hour , 71813 , 
223, o' gneiss cold our , o' , 463 , gneiss , 21 , cold , 52844 , our , 473423 , 
224, o' gneiss cole dour , o' , 463 , gneiss , 21 , cole , 2073 , dour , 119 , 
225, o' gneiss cole dower , o' , 463 , gneiss , 21 , cole , 2073 , dower , 92 , 
226, o' gneiss kohl dour , o' , 463 , gneiss , 21 , kohl , 912 , dour , 119 , 
227, o' gneiss kohl dower , o' , 463 , gneiss , 21 , kohl , 912 , dower , 92 , 
228, o' knee scold hour , o' , 463 , knee , 6139 , scold , 217 , hour , 71813 , 
229, o' knee scold our , o' , 463 , knee , 6139 , scold , 217 , our , 473423 , 
230, o' knee skol dour , o' , 463 , knee , 6139 , skol , 5 , dour , 119 , 
231, o' knee skol dower , o' , 463 , knee , 6139 , skol , 5 , dower , 92 , 
232, o' ne scold hour , o' , 463 , ne , 7103 , scold , 217 , hour , 71813 , 
233, o' ne scold our , o' , 463 , ne , 7103 , scold , 217 , our , 473423 , 
234, o' ne skol dour , o' , 463 , ne , 7103 , skol , 5 , dour , 119 , 
235, o' ne skol dower , o' , 463 , ne , 7103 , skol , 5 , dower , 92 , 
236, o' nice coal dour , o' , 463 , nice , 190708 , coal , 20448 , dour , 119 , 
237, o' nice coal dower , o' , 463 , nice , 190708 , coal , 20448 , dower , 92 , 
238, o' nice cold hour , o' , 463 , nice , 190708 , cold , 52844 , hour , 71813 , 
239, o' nice cold our , o' , 463 , nice , 190708 , cold , 52844 , our , 473423 , 
240, o' nice cole dour , o' , 463 , nice , 190708 , cole , 2073 , dour , 119 , 
241, o' nice cole dower , o' , 463 , nice , 190708 , cole , 2073 , dower , 92 , 
242, o' nice kohl dour , o' , 463 , nice , 190708 , kohl , 912 , dour , 119 , 
243, o' nice kohl dower , o' , 463 , nice , 190708 , kohl , 912 , dower , 92 , 
244, o' niece coal dour , o' , 463 , niece , 1693 , coal , 20448 , dour , 119 , 
245, o' niece coal dower , o' , 463 , niece , 1693 , coal , 20448 , dower , 92 , 
246, o' niece cold hour , o' , 463 , niece , 1693 , cold , 52844 , hour , 71813 , 
247, o' niece cold our , o' , 463 , niece , 1693 , cold , 52844 , our , 473423 , 
248, o' niece cole dour , o' , 463 , niece , 1693 , cole , 2073 , dour , 119 , 
249, o' niece cole dower , o' , 463 , niece , 1693 , cole , 2073 , dower , 92 , 
250, o' niece kohl dour , o' , 463 , niece , 1693 , kohl , 912 , dour , 119 , 
251, o' niece kohl dower , o' , 463 , niece , 1693 , kohl , 912 , dower , 92 , 
252, o' nigh scold hour , o' , 463 , nigh , 1394 , scold , 217 , hour , 71813 , 
253, o' nigh scold our , o' , 463 , nigh , 1394 , scold , 217 , our , 473423 , 
254, o' nigh skol dour , o' , 463 , nigh , 1394 , skol , 5 , dour , 119 , 
255, o' nigh skol dower , o' , 463 , nigh , 1394 , skol , 5 , dower , 92 , 
256, o' nye scold hour , o' , 463 , nye , 37 , scold , 217 , hour , 71813 , 
257, o' nye scold our , o' , 463 , nye , 37 , scold , 217 , our , 473423 , 
258, o' nye skol dour , o' , 463 , nye , 37 , skol , 5 , dour , 119 , 
259, o' nye skol dower , o' , 463 , nye , 37 , skol , 5 , dower , 92 , 
260, on ay scold hour , on , 2774243 , ay , 6633 , scold , 217 , hour , 71813 , 
261, on ay scold our , on , 2774243 , ay , 6633 , scold , 217 , our , 473423 , 
262, on ay skol dour , on , 2774243 , ay , 6633 , skol , 5 , dour , 119 , 
263, on ay skol dower , on , 2774243 , ay , 6633 , skol , 5 , dower , 92 , 
264, on aye scold hour , on , 2774243 , aye , 130503 , scold , 217 , hour , 71813 , 
265, on aye scold our , on , 2774243 , aye , 130503 , scold , 217 , our , 473423 , 
266, on aye skol dour , on , 2774243 , aye , 130503 , skol , 5 , dour , 119 , 
267, on aye skol dower , on , 2774243 , aye , 130503 , skol , 5 , dower , 92 , 
268, on e scold hour , on , 2774243 , e , 108963 , scold , 217 , hour , 71813 , 
269, on e scold our , on , 2774243 , e , 108963 , scold , 217 , our , 473423 , 
270, on e skol dour , on , 2774243 , e , 108963 , skol , 5 , dour , 119 , 
271, on e skol dower , on , 2774243 , e , 108963 , skol , 5 , dower , 92 , 
272, on eye scold hour , on , 2774243 , eye , 26750 , scold , 217 , hour , 71813 , 
273, on eye scold our , on , 2774243 , eye , 26750 , scold , 217 , our , 473423 , 
274, on eye skol dour , on , 2774243 , eye , 26750 , skol , 5 , dour , 119 , 
275, on eye skol dower , on , 2774243 , eye , 26750 , skol , 5 , dower , 92 , 
276, on i scold hour , on , 2774243 , i , 9937877 , scold , 217 , hour , 71813 , 
277, on i scold our , on , 2774243 , i , 9937877 , scold , 217 , our , 473423 , 
278, on i skol dour , on , 2774243 , i , 9937877 , skol , 5 , dour , 119 , 
279, on i skol dower , on , 2774243 , i , 9937877 , skol , 5 , dower , 92 , 
280, on ice coal dour , on , 2774243 , ice , 12202 , coal , 20448 , dour , 119 , 
281, on ice coal dower , on , 2774243 , ice , 12202 , coal , 20448 , dower , 92 , 
282, on ice cold hour , on , 2774243 , ice , 12202 , cold , 52844 , hour , 71813 , 
283, on ice cold our , on , 2774243 , ice , 12202 , cold , 52844 , our , 473423 , 
284, on ice cole dour , on , 2774243 , ice , 12202 , cole , 2073 , dour , 119 , 
285, on ice cole dower , on , 2774243 , ice , 12202 , cole , 2073 , dower , 92 , 
286, on ice kohl dour , on , 2774243 , ice , 12202 , kohl , 912 , dour , 119 , 
287, on ice kohl dower , on , 2774243 , ice , 12202 , kohl , 912 , dower , 92 , 
288, on ice-cold hour , on , 2774243 , ice-cold , 49 , hour , 71813 , 
289, on ice-cold our , on , 2774243 , ice-cold , 49 , our , 473423 , 
NO TESTS FAILED! :) 
